{
    "resolution": [
        576,
        1024
    ],
    "bounds": [
        1.3333333730697632,
        133.33334350585938
    ],
    "translation_scale": 1.3333333333333333,
    "train_frame_nums": [
        10,
        20,
        30
    ],
    "intrinsic": [
        [
            853.7550659179688,
            0.0,
            512.0
        ],
        [
            0.0,
            853.7550659179688,
            288.0
        ],
        [
            0.0,
            0.0,
            1.0
        ]
    ],
    "average_pose": [
        [
            0.9889951027748184,
            0.019702198577948384,
            -0.1466305222612987,
            -1.2069372228980801
        ],
        [
            -0.01585526532697566,
            0.9994999410775948,
            0.027358332319348064,
            -0.017362439768757912
        ],
        [
            0.1470962176564623,
            -0.024732390848435367,
            0.9888129305354391,
            -0.0528020256675032
        ],
        [
            0.0,
            0.0,
            0.0,
            1.0
        ]
    ],
    "near": 1.0000000298023224,
    "far": 133.33334350585938,
    "near_ndc": 0.0,
    "far_ndc": 1.0
}