{
    "resolution": [
        576,
        1024
    ],
    "bounds": [
        1.3333333730697632,
        133.33334350585938
    ],
    "translation_scale": 1.3333333333333333,
    "train_frame_nums": [
        10,
        20,
        30
    ],
    "intrinsic": [
        [
            493.9102478027344,
            0.0,
            512.0
        ],
        [
            0.0,
            493.9102478027344,
            288.0
        ],
        [
            0.0,
            0.0,
            1.0
        ]
    ],
    "average_pose": [
        [
            0.9347331591872191,
            0.01906922534347062,
            -0.35483839386498295,
            1.2442766301187875
        ],
        [
            -0.01610249272578931,
            0.9998063533115505,
            0.01131218837692247,
            0.14182111067980174
        ],
        [
            0.35498539525436357,
            -0.004860094922840031,
            0.9348592132687383,
            -5.222212720798862
        ],
        [
            0.0,
            0.0,
            0.0,
            1.0
        ]
    ],
    "near": 1.0000000298023224,
    "far": 133.33334350585938,
    "near_ndc": 0.0,
    "far_ndc": 1.0
}