{
    "resolution": [
        756,
        1008
    ],
    "focal_length": [
        781.1556917078125,
        781.1556917078125
    ],
    "bounds": [
        1.3333333333333333,
        11.458590522412896
    ],
    "translation_scale": 0.09202802792959139,
    "train_frame_nums": [
        1,
        2,
        3,
        4,
        5,
        6,
        7,
        9,
        10,
        11,
        12,
        13,
        14,
        15,
        17,
        18,
        19,
        20,
        21,
        22,
        23
    ],
    "average_pose": [
        [
            0.9994032084493072,
            0.002045400223179227,
            -0.03448250685721645,
            -0.005232686303966844
        ],
        [
            -9.30397110622608e-05,
            0.9984011435658963,
            0.0565256390492197,
            -0.017972322888867326
        ],
        [
            0.03454299183399037,
            -0.05648869678296291,
            0.9978054965026597,
            -0.008416544407344401
        ],
        [
            0.0,
            0.0,
            0.0,
            1.0
        ]
    ],
    "near": 1.0,
    "far": 11.458590522412896,
    "near_ndc": 0.0,
    "far_ndc": 1.0
}