{
    "resolution": [
        756,
        1008
    ],
    "focal_length": [
        767.65956772041,
        767.65956772041
    ],
    "bounds": [
        1.3333333333333335,
        11.415642864587026
    ],
    "translation_scale": 0.12453271657984415,
    "train_frame_nums": [
        1,
        2,
        3,
        4,
        5,
        6,
        7,
        9,
        10,
        11,
        12,
        13,
        14,
        15,
        17,
        18,
        19,
        20,
        21,
        22,
        23,
        25,
        26,
        27,
        28,
        29,
        30,
        31,
        33,
        34,
        35,
        36,
        37,
        38,
        39
    ],
    "average_pose": [
        [
            0.9999901796467181,
            -0.00425869687978159,
            0.0012264220361008248,
            -0.03180502065518173
        ],
        [
            0.004241868590584016,
            0.9999010595211325,
            0.013411849961017542,
            -0.0033899899680534364
        ],
        [
            -0.0012834176968983635,
            -0.013406515930799025,
            0.9999093049720121,
            0.008817680085237964
        ],
        [
            0.0,
            0.0,
            0.0,
            1.0
        ]
    ],
    "near": 1.0,
    "far": 11.415642864587026,
    "near_ndc": 0.0,
    "far_ndc": 1.0
}