{
    "resolution": [
        756,
        1008
    ],
    "focal_length": [
        815.1315832201474,
        815.1315832201474
    ],
    "bounds": [
        1.3333333333333333,
        6.2801061625525785
    ],
    "translation_scale": 0.07849926897402267,
    "train_frame_nums": [
        1,
        2,
        3,
        4,
        5,
        6,
        7,
        9,
        10,
        11,
        12,
        13,
        14,
        15,
        17,
        18,
        19
    ],
    "average_pose": [
        [
            0.9989907255857612,
            -0.001956065797421289,
            -0.0448743133677862,
            -0.04145977728390464
        ],
        [
            0.0026460768325003094,
            0.9998791056644702,
            0.015322282239137027,
            -0.011000943688787198
        ],
        [
            0.04483891692526284,
            -0.015425558732682178,
            0.9988751291661806,
            -0.007205678467789899
        ],
        [
            0.0,
            0.0,
            0.0,
            1.0
        ]
    ],
    "near": 1.0,
    "far": 6.2801061625525785,
    "near_ndc": 0.0,
    "far_ndc": 1.0
}