{
    "resolution": [
        756,
        1008
    ],
    "focal_length": [
        842.2059294007221,
        842.2059294007221
    ],
    "bounds": [
        1.3333333333333335,
        21.334730896952106
    ],
    "translation_scale": 0.12026004993716208,
    "train_frame_nums": [
        1,
        2,
        3,
        4,
        5,
        6,
        7,
        9,
        10,
        11,
        12,
        13,
        14,
        15,
        17,
        18,
        19,
        20,
        21,
        22,
        23,
        25,
        26,
        27,
        28,
        29,
        30,
        31,
        33,
        34,
        35,
        36,
        37,
        38,
        39,
        41,
        42,
        43,
        44,
        45,
        46,
        47,
        49,
        50,
        51,
        52,
        53,
        54,
        55,
        57,
        58,
        59,
        60,
        61
    ],
    "average_pose": [
        [
            0.9986832796444082,
            -0.008568145326299825,
            0.05057957932166402,
            -0.025646407784325493
        ],
        [
            0.00799776787215881,
            0.999902250094573,
            0.011468477007553926,
            -0.008320696675742275
        ],
        [
            -0.05067289875024085,
            -0.011048852495944329,
            0.998654184485686,
            -0.0006987034102573476
        ],
        [
            0.0,
            0.0,
            0.0,
            1.0
        ]
    ],
    "near": 1.0,
    "far": 21.334730896952106,
    "near_ndc": 0.0,
    "far_ndc": 1.0
}