{
    "resolution": [
        576,
        1024
    ],
    "focal_length": [
        482.5645751953125,
        482.5645751953125
    ],
    "bounds": [
        1.3333333730697632,
        133.33334350585938
    ],
    "translation_scale": 1.3333333333333333,
    "train_frame_nums": [
        1,
        2,
        3,
        4,
        6,
        7,
        8,
        9,
        11,
        12,
        13,
        14,
        16,
        17,
        18,
        19,
        21,
        22,
        23,
        24,
        26,
        27,
        28,
        29,
        31,
        32,
        33,
        34,
        36,
        37,
        38,
        39,
        41,
        42,
        43,
        44,
        46,
        47,
        48,
        49
    ],
    "average_pose": [
        [
            0.990884481498715,
            0.006219662369624112,
            -0.1345706510537524,
            0.01466698928775621
        ],
        [
            -0.006936266765054183,
            0.999964148593318,
            -0.004856926127134054,
            -0.02906787482895628
        ],
        [
            0.13453561806594902,
            0.0057460706616186364,
            0.990892098133578,
            -2.1308690494828224
        ],
        [
            0.0,
            0.0,
            0.0,
            1.0
        ]
    ],
    "near": 1.0000000298023224,
    "far": 133.33334350585938,
    "near_ndc": 0.0,
    "far_ndc": 1.0
}