{
    "resolution": [
        756,
        1008
    ],
    "focal_length": [
        893.7646514877518,
        893.7646514877518
    ],
    "bounds": [
        1.3333333333333335,
        13.140927133269814
    ],
    "translation_scale": 0.05906569389022977,
    "train_frame_nums": [
        1,
        2,
        3,
        4,
        5,
        6,
        7,
        9,
        10,
        11,
        12,
        13,
        14,
        15,
        17,
        18,
        19,
        20,
        21,
        22,
        23,
        25,
        26,
        27,
        28,
        29,
        30,
        31,
        33
    ],
    "average_pose": [
        [
            0.9998918179571689,
            0.0029163778319146413,
            -0.014416904059094593,
            -0.018305068954209087
        ],
        [
            -0.0027653333007986664,
            0.999941199149078,
            0.010485760632365027,
            -0.007065290199100639
        ],
        [
            0.014446636772727258,
            -0.010444758716470146,
            0.9998410882241795,
            0.0006855398281892473
        ],
        [
            0.0,
            0.0,
            0.0,
            1.0
        ]
    ],
    "near": 1.0,
    "far": 13.140927133269814,
    "near_ndc": 0.0,
    "far_ndc": 1.0
}