{
    "resolution": [
        576,
        1024
    ],
    "focal_length": [
        525.3306884765625,
        525.3306884765625
    ],
    "bounds": [
        1.3333333730697632,
        133.33334350585938
    ],
    "translation_scale": 1.3333333333333333,
    "train_frame_nums": [
        1,
        2,
        3,
        4,
        6,
        7,
        8,
        9,
        11,
        12,
        13,
        14,
        16,
        17,
        18,
        19,
        21,
        22,
        23,
        24,
        26,
        27,
        28,
        29,
        31,
        32,
        33,
        34,
        36,
        37,
        38,
        39,
        41,
        42,
        43,
        44,
        46,
        47,
        48,
        49
    ],
    "average_pose": [
        [
            0.9985285507710853,
            0.02662356417770031,
            -0.04724319131337601,
            0.2768533339808912
        ],
        [
            -0.027157961969354473,
            0.9995738232064936,
            -0.010705935831333785,
            -0.5496820502776097
        ],
        [
            0.0469380271918992,
            0.011973211383309557,
            0.9988260428185195,
            -6.826812123321126
        ],
        [
            0.0,
            0.0,
            0.0,
            1.0
        ]
    ],
    "near": 1.0000000298023224,
    "far": 133.33334350585938,
    "near_ndc": 0.0,
    "far_ndc": 1.0
}