{
    "resolution": [
        576,
        1024
    ],
    "focal_length": [
        519.0487670898438,
        519.0487670898438
    ],
    "bounds": [
        1.3333333730697632,
        133.33334350585938
    ],
    "translation_scale": 1.3333333333333333,
    "train_frame_nums": [
        1,
        2,
        3,
        4,
        6,
        7,
        8,
        9,
        11,
        12,
        13,
        14,
        16,
        17,
        18,
        19,
        21,
        22,
        23,
        24,
        26,
        27,
        28,
        29,
        31,
        32,
        33,
        34,
        36,
        37,
        38,
        39,
        41,
        42,
        43,
        44,
        46,
        47,
        48,
        49
    ],
    "average_pose": [
        [
            0.7915034286744566,
            -0.09642126070302287,
            0.6035107810810171,
            -0.42580782506180687
        ],
        [
            0.07807403631210552,
            0.9953379650403728,
            0.056628439879851326,
            0.06741083364366898
        ],
        [
            -0.6061573782859659,
            0.0022969183114788286,
            0.7953414090286981,
            -0.3977737539435954
        ],
        [
            0.0,
            0.0,
            0.0,
            1.0
        ]
    ],
    "near": 1.0000000298023224,
    "far": 133.33334350585938,
    "near_ndc": 0.0,
    "far_ndc": 1.0
}