{
    "resolution": [
        576,
        1024
    ],
    "focal_length": [
        493.9102478027344,
        493.9102478027344
    ],
    "bounds": [
        1.3333333730697632,
        133.33334350585938
    ],
    "translation_scale": 1.3333333333333333,
    "train_frame_nums": [
        1,
        2,
        3,
        4,
        6,
        7,
        8,
        9,
        11,
        12,
        13,
        14,
        16,
        17,
        18,
        19,
        21,
        22,
        23,
        24,
        26,
        27,
        28,
        29,
        31,
        32,
        33,
        34,
        36,
        37,
        38,
        39,
        41,
        42,
        43,
        44,
        46,
        47,
        48,
        49
    ],
    "average_pose": [
        [
            0.9225274476500698,
            0.020347309777396065,
            -0.385394726633708,
            1.4006004807190005
        ],
        [
            -0.017220120447692933,
            0.9997848417250812,
            0.011564502087036004,
            0.14034554325687415
        ],
        [
            0.38554711227554894,
            -0.0040320269811590865,
            0.9226793413610213,
            -5.264057585601404
        ],
        [
            0.0,
            0.0,
            0.0,
            1.0
        ]
    ],
    "near": 1.0000000298023224,
    "far": 133.33334350585938,
    "near_ndc": 0.0,
    "far_ndc": 1.0
}