{
    "resolution": [
        756,
        1008
    ],
    "focal_length": [
        857.1188794328347,
        857.1188794328347
    ],
    "bounds": [
        1.3333333333333333,
        17.068498382155315
    ],
    "translation_scale": 0.03793273100226068,
    "train_frame_nums": [
        1,
        2,
        3,
        4,
        5,
        6,
        7,
        9,
        10,
        11,
        12,
        13,
        14,
        15,
        17,
        18,
        19,
        20,
        21,
        22,
        23,
        25
    ],
    "average_pose": [
        [
            0.9999626552369999,
            -0.002384101949461967,
            -0.008306876023122455,
            -0.007589223939372788
        ],
        [
            0.0026320062284192216,
            0.9995475950451521,
            0.029961271379332084,
            -0.004910217336966169
        ],
        [
            0.008231687225746461,
            -0.02998201623218481,
            0.9995165421482881,
            -0.0022623424933204215
        ],
        [
            0.0,
            0.0,
            0.0,
            1.0
        ]
    ],
    "near": 1.0,
    "far": 17.068498382155315,
    "near_ndc": 0.0,
    "far_ndc": 1.0
}