{
    "resolution": [
        756,
        1008
    ],
    "focal_length": [
        842.8297425097142,
        842.8297425097142
    ],
    "bounds": [
        1.3333333333333333,
        14.724229875929643
    ],
    "translation_scale": 0.10455813971039718,
    "train_frame_nums": [
        1,
        2,
        3,
        4,
        5,
        6,
        7,
        9,
        10,
        11,
        12,
        13,
        14,
        15,
        17,
        18,
        19,
        20,
        21,
        22,
        23,
        25,
        26,
        27,
        28,
        29,
        30,
        31,
        33,
        34,
        35,
        36,
        37,
        38,
        39,
        41
    ],
    "average_pose": [
        [
            0.999943127108818,
            -0.0023262319841604083,
            0.010408227159038686,
            -0.02476359842259864
        ],
        [
            0.002311183387841373,
            0.9999962668644578,
            0.001457631124804834,
            -0.00491755333411791
        ],
        [
            -0.010411579091859576,
            -0.00143349290340164,
            0.9999447705343079,
            -0.00617863420241666
        ],
        [
            0.0,
            0.0,
            0.0,
            1.0
        ]
    ],
    "near": 1.0,
    "far": 14.724229875929643,
    "near_ndc": 0.0,
    "far_ndc": 1.0
}