{
    "resolution": [
        576,
        1024
    ],
    "focal_length": [
        853.7550048828125,
        853.7550048828125
    ],
    "bounds": [
        1.3333333730697632,
        133.33334350585938
    ],
    "translation_scale": 1.3333333333333333,
    "train_frame_nums": [
        1,
        2,
        3,
        4,
        6,
        7,
        8,
        9,
        11,
        12,
        13,
        14,
        16,
        17,
        18,
        19,
        21,
        22,
        23,
        24,
        26,
        27,
        28,
        29,
        31,
        32,
        33,
        34,
        36,
        37,
        38,
        39,
        41,
        42,
        43,
        44,
        46,
        47,
        48,
        49
    ],
    "average_pose": [
        [
            0.9862821344805915,
            0.02191268292473916,
            -0.16360741282548438,
            -1.274038645650438
        ],
        [
            -0.017761798544258845,
            0.9994832454785033,
            0.02679105298846857,
            -0.013780900826673723
        ],
        [
            0.16410993180451267,
            -0.023517575019495765,
            0.9861616773878006,
            -0.06907584577670949
        ],
        [
            0.0,
            0.0,
            0.0,
            1.0
        ]
    ],
    "near": 1.0000000298023224,
    "far": 133.33334350585938,
    "near_ndc": 0.0,
    "far_ndc": 1.0
}