{
    "resolution": [
        756,
        1008
    ],
    "focal_length": [
        832.4674892918051,
        832.4674892918051
    ],
    "bounds": [
        1.3333333333333335,
        11.769208912204808
    ],
    "translation_scale": 0.09125368855886487,
    "train_frame_nums": [
        1,
        2,
        3,
        4,
        5,
        6,
        7,
        9,
        10,
        11,
        12,
        13,
        14,
        15,
        17,
        18,
        19,
        20,
        21,
        22,
        23,
        25,
        26,
        27,
        28,
        29,
        30,
        31,
        33,
        34,
        35,
        36,
        37,
        38,
        39,
        41,
        42,
        43,
        44,
        45,
        46,
        47,
        49,
        50,
        51,
        52,
        53,
        54
    ],
    "average_pose": [
        [
            0.9995080483543184,
            0.007918606505774122,
            0.03034727246307626,
            -0.031728833594729035
        ],
        [
            -0.00875493918223873,
            0.999582756631208,
            0.027525691371342392,
            -0.019949453411396784
        ],
        [
            -0.030116645146111076,
            -0.027777838586934802,
            0.9991603371674544,
            0.0022017447407247726
        ],
        [
            0.0,
            0.0,
            0.0,
            1.0
        ]
    ],
    "near": 1.0,
    "far": 11.769208912204808,
    "near_ndc": 0.0,
    "far_ndc": 1.0
}